{
  "type": "minecraft:crafting_shaped",
  "category": "equipment",
  "pattern": [
    " ST",
    "S T",
    " ST"
  ],
  "key": {
    "S": [
      "minecraft:stick"
    ],
    "T": [
      "minecraft:string"
    ]
  },
  "result": {
    "id": "minecraft:bow",
    "components": {
      "minecraft:lore": [
        [
          {
            "text": "Req. Stats: ",
            "color": "gray",
            "italic": false
          },
          {
            "text": "5 Ag 4 Ha",
            "color": "yellow"
          }
        ]
      ]
    }
  }
}