{
  "type": "minecraft:crafting_shaped",
  "category": "equipment",
  "pattern": [
    "STS",
    "XCX",
    " S "
  ],
  "key": {
    "S": [
      "minecraft:stick"
    ],
    "T": [
      "minecraft:iron_ingot"
    ],
    "X": [
      "minecraft:string"
    ],
    "C": [
      "minecraft:tripwire_hook"
    ]
  },
  "result": {
    "id": "minecraft:crossbow",
    "components": {
      "minecraft:lore": [
        [
          {
            "text": "Req. Stats: ",
            "color": "gray",
            "italic": false
          },
          {
            "text": "2 En 3 Ag 2 Ha",
            "color": "yellow"
          }
        ]
      ]
    }
  }
}