{
  "type": "minecraft:multi_action",
  "title": {
    "text": "Creating a Character",
    "type": "text",
    "color": "gold"
  },
  "body": [
    {
      "type": "minecraft:plain_message",
      "contents": {
        "text": "<Combatant>",
        "color": "yellow"
      }
    },
    {
      "type": "minecraft:plain_message",
      "contents": "Vigor: 2"
    },
    {
      "type": "minecraft:plain_message",
      "contents": "Sense: 0"
    },
    {
      "type": "minecraft:plain_message",
      "contents": "Endurance: 0"
    },
    {
      "type": "minecraft:plain_message",
      "contents": "Agility: 1"
    },
    {
      "type": "minecraft:plain_message",
      "contents": "Strenght: 1"
    },
    {
      "type": "minecraft:plain_message",
      "contents": "Haste: 1"
    },
    {
      "type": "minecraft:plain_message",
      "contents": "Starting Gear: Combatant's Golden Sword"
    }
  ],
  "inputs": [],
  "can_close_with_escape": false,
  "pause": true,
  "columns": 3,
  "actions": [
    {
      "label": "<< Previous class",
      "action": {
        "type": "minecraft:show_dialog",
        "dialog": "slevel:class5"
      }
    },
    {
      "label": {
        "text": "Select Combatant",
        "color": "yellow"
      },
      "action": {
        "type": "minecraft:run_command",
        "command": "/trigger SelectClass1"
      }
    },
    {
      "label": {
        "text": "Next class >>",
        "color": "white"
      },
      "action": {
        "type": "minecraft:show_dialog",
        "dialog": "slevel:class2"
      }
    }
  ]
}