{
  "type": "minecraft:chest",
  "pools": [
    {
      "bonus_rolls": 0,
      "entries": [
        {
          "type": "minecraft:item",
          "functions": [
            {
              "add": false,
              "count": {
                "type": "minecraft:uniform",
                "max": 10,
                "min": 4
              },
              "function": "minecraft:set_count"
            }
          ],
          "name": "minecraft:emerald",
          "weight": 5
        },
        {
          "type": "minecraft:item",
          "functions": [
            {
              "add": false,
              "count": {
                "type": "minecraft:uniform",
                "max": 12,
                "min": 8
              },
              "function": "minecraft:set_count"
            }
          ],
          "name": "minecraft:wind_charge",
          "weight": 4
        },
        {
          "type": "minecraft:item",
          "functions": [
            {
              "add": false,
              "count": {
                "type": "minecraft:uniform",
                "max": 12,
                "min": 4
              },
              "function": "minecraft:set_count"
            },
            {
              "function": "minecraft:set_potion",
              "id": "minecraft:strong_slowness"
            }
          ],
          "name": "minecraft:tipped_arrow",
          "weight": 3
        },
        {
          "type": "minecraft:item",
          "functions": [
            {
              "add": false,
              "count": {
                "type": "minecraft:uniform",
                "max": 3,
                "min": 2
              },
              "function": "minecraft:set_count"
            }
          ],
          "name": "minecraft:diamond",
          "weight": 2
        },
        {
          "type": "minecraft:item",
          "functions": [
            {
              "add": false,
              "count": 1,
              "function": "minecraft:set_count"
            },
            {
              "amplifier": {
                "type": "minecraft:uniform",
                "max": 4,
                "min": 2
              },
              "function": "minecraft:set_ominous_bottle_amplifier"
            }
          ],
          "name": "minecraft:ominous_bottle"
        },
        {
          "type": "minecraft:item",
          "name": "minecraft:flower_banner_pattern",
          "functions": [
            {
              "function": "minecraft:set_components",
              "components": {
                "minecraft:item_model": "spell_wind",
                "minecraft:item_name": "Spell Pattern",
                "minecraft:rarity": "rare",
                "minecraft:lore": [
                  {
                    "text": "Rapid Wind [50☆]",
                    "color": "gray",
                    "italic": false
                  }
                ]
              }
            },
            {
              "function": "minecraft:set_count",
              "count": 1
            },
            {
              "function": "minecraft:set_custom_data",
              "tag": {
                "windspell": true
              }
            }
          ]
        }
      ],
      "rolls": 1
    }
  ],
  "random_sequence": "minecraft:chests/trial_chambers/reward_ominous_common"
}