{
  "display": {
    "icon": {
      "id": "minecraft:stick",
      "components": {
        "minecraft:item_model": "netheritewand"
      }
    },
    "title": {
      "text": "Staff Forged in Hell",
      "italic": false
    },
    "description": {
      "text": "Craft a Netherite Wand",
      "color": "dark_purple",
      "italic": false
    },
    "frame": "challenge",
    "show_toast": true,
    "announce_to_chat": true,
    "hidden": false
  },
  "parent": "slevel:getspell",
  "criteria": {
    "craftnw": {
      "trigger": "minecraft:recipe_crafted",
      "conditions": {
        "recipe_id": "slevel:netheritewand"
      }
    }
  }
}